Supplier code;Supplier loading order;Supplier dock;Supplier dock loading order;Plant code;Plant dock;Plant dock loading order;Product code;Arrival time;Id truck;Length;Width;Height;Max weight;Stack with multiple docks;Max density;Max weight on the bottom item in stacks;Cost;EMmm;EMmr;CM;CJfm;CJfc;CJfh;EM;EJhr;EJcr;EJeh
0001834600;1;;1;0090018400;184GRB4;0;8200185772;202212071000;P341097701;13500;2440;2600;25000;0;1500;100000;1500;12000;31500;7808,000;3800;1040;3330;7300,000;7630;2350;1670
0001834600;1;;1;0090018400;184GRB4;0;8200185770;202212071000;P341097701;13500;2440;2600;25000;0;1500;100000;1500;12000;31500;7808,000;3800;1040;3330;7300,000;7630;2350;1670
0001834600;1;;1;0090018400;184GRB4;0;8200185772;202212141000;P348097701;13500;2440;2600;25000;0;1500;100000;1500;12000;31500;7808,000;3800;1040;3330;7300,000;7630;2350;1670
0001834600;1;;1;0090018400;184GRB4;0;8200185770;202212141000;P348097701;13500;2440;2600;25000;0;1500;100000;1500;12000;31500;7808,000;3800;1040;3330;7300,000;7630;2350;1670
0002706302;1;;1;0090018400;184GRB4;0;314L40702R;202212121000;P346305201;13500;2440;2900;25500;0;1500;100000;1500;12000;31500;7808,000;3800;1040;3330;7300,000;7630;2350;1670
0011711300;2;;2;0090018400;184GRB4;0;322B27807R;202212121000;P346305201;13500;2440;2900;25500;0;1500;100000;1500;12000;31500;7808,000;3800;1040;3330;7300,000;7630;2350;1670
0002706302;1;;1;0090018400;184GRB4;0;314L48780R;202212121000;P346305201;13500;2440;2900;25500;0;1500;100000;1500;12000;31500;7808,000;3800;1040;3330;7300,000;7630;2350;1670
0002706302;1;;1;0090018400;184GRB4;0;322B02030R;202212121000;P346305201;13500;2440;2900;25500;0;1500;100000;1500;12000;31500;7808,000;3800;1040;3330;7300,000;7630;2350;1670
0002706302;1;;1;0090018400;184GRB4;0;322B43606R;202212121000;P346305201;13500;2440;2900;25500;0;1500;100000;1500;12000;31500;7808,000;3800;1040;3330;7300,000;7630;2350;1670
0002706302;1;;1;0090018400;184GRB4;0;314L29983R;202212121000;P346305201;13500;2440;2900;25500;0;1500;100000;1500;12000;31500;7808,000;3800;1040;3330;7300,000;7630;2350;1670
0002706302;1;;1;0090018400;184GRB4;0;314L35506R;202212121000;P346305201;13500;2440;2900;25500;0;1500;100000;1500;12000;31500;7808,000;3800;1040;3330;7300,000;7630;2350;1670
0002706302;1;;1;0090018400;184GRB4;0;314L34184R;202212121000;P346305201;13500;2440;2900;25500;0;1500;100000;1500;12000;31500;7808,000;3800;1040;3330;7300,000;7630;2350;1670
0002706302;1;;1;0090018400;184GRB4;0;322418327R;202212121000;P346305201;13500;2440;2900;25500;0;1500;100000;1500;12000;31500;7808,000;3800;1040;3330;7300,000;7630;2350;1670
0002706302;1;;1;0090018400;184GRB4;0;314L40702R;202211281000;P332305201;13500;2440;2900;25500;0;1500;100000;1500;12000;31500;7808,000;3800;1040;3330;7300,000;7630;2350;1670
0011711300;2;;2;0090018400;184GRB4;0;322B27807R;202211281000;P332305201;13500;2440;2900;25500;0;1500;100000;1500;12000;31500;7808,000;3800;1040;3330;7300,000;7630;2350;1670
0002706302;1;;1;0090018400;184GRB4;0;314L48780R;202211281000;P332305201;13500;2440;2900;25500;0;1500;100000;1500;12000;31500;7808,000;3800;1040;3330;7300,000;7630;2350;1670
0002706302;1;;1;0090018400;184GRB4;0;322B02030R;202211281000;P332305201;13500;2440;2900;25500;0;1500;100000;1500;12000;31500;7808,000;3800;1040;3330;7300,000;7630;2350;1670
0002706302;1;;1;0090018400;184GRB4;0;322B43606R;202211281000;P332305201;13500;2440;2900;25500;0;1500;100000;1500;12000;31500;7808,000;3800;1040;3330;7300,000;7630;2350;1670
0002706302;1;;1;0090018400;184GRB4;0;314L29983R;202211281000;P332305201;13500;2440;2900;25500;0;1500;100000;1500;12000;31500;7808,000;3800;1040;3330;7300,000;7630;2350;1670
0002706302;1;;1;0090018400;184GRB4;0;314L35506R;202211281000;P332305201;13500;2440;2900;25500;0;1500;100000;1500;12000;31500;7808,000;3800;1040;3330;7300,000;7630;2350;1670
0002706302;1;;1;0090018400;184GRB4;0;314L34184R;202211281000;P332305201;13500;2440;2900;25500;0;1500;100000;1500;12000;31500;7808,000;3800;1040;3330;7300,000;7630;2350;1670
0002706302;1;;1;0090018400;184GRB4;0;322418327R;202211281000;P332305201;13500;2440;2900;25500;0;1500;100000;1500;12000;31500;7808,000;3800;1040;3330;7300,000;7630;2350;1670
0002706302;1;;1;0090018400;184GRB4;0;314L40702R;202211091000;P313305201;13500;2440;2900;25500;0;1500;100000;1500;12000;31500;7808,000;3800;1040;3330;7300,000;7630;2350;1670
0011711300;2;;2;0090018400;184GRB4;0;322B27807R;202211091000;P313305201;13500;2440;2900;25500;0;1500;100000;1500;12000;31500;7808,000;3800;1040;3330;7300,000;7630;2350;1670
0002706302;1;;1;0090018400;184GRB4;0;314L48780R;202211091000;P313305201;13500;2440;2900;25500;0;1500;100000;1500;12000;31500;7808,000;3800;1040;3330;7300,000;7630;2350;1670
0002706302;1;;1;0090018400;184GRB4;0;322B02030R;202211091000;P313305201;13500;2440;2900;25500;0;1500;100000;1500;12000;31500;7808,000;3800;1040;3330;7300,000;7630;2350;1670
0002706302;1;;1;0090018400;184GRB4;0;322B43606R;202211091000;P313305201;13500;2440;2900;25500;0;1500;100000;1500;12000;31500;7808,000;3800;1040;3330;7300,000;7630;2350;1670
0002706302;1;;1;0090018400;184GRB4;0;314L29983R;202211091000;P313305201;13500;2440;2900;25500;0;1500;100000;1500;12000;31500;7808,000;3800;1040;3330;7300,000;7630;2350;1670
0002706302;1;;1;0090018400;184GRB4;0;314L35506R;202211091000;P313305201;13500;2440;2900;25500;0;1500;100000;1500;12000;31500;7808,000;3800;1040;3330;7300,000;7630;2350;1670
0002706302;1;;1;0090018400;184GRB4;0;314L34184R;202211091000;P313305201;13500;2440;2900;25500;0;1500;100000;1500;12000;31500;7808,000;3800;1040;3330;7300,000;7630;2350;1670
0002706302;1;;1;0090018400;184GRB4;0;322418327R;202211091000;P313305201;13500;2440;2900;25500;0;1500;100000;1500;12000;31500;7808,000;3800;1040;3330;7300,000;7630;2350;1670
0002706302;1;;1;0090018400;184GRB4;0;314L40702R;202212081000;P342305201;13500;2440;2900;25500;0;1500;100000;1500;12000;31500;7808,000;3800;1040;3330;7300,000;7630;2350;1670
0011711300;2;;2;0090018400;184GRB4;0;322B27807R;202212081000;P342305201;13500;2440;2900;25500;0;1500;100000;1500;12000;31500;7808,000;3800;1040;3330;7300,000;7630;2350;1670
0002706302;1;;1;0090018400;184GRB4;0;314L48780R;202212081000;P342305201;13500;2440;2900;25500;0;1500;100000;1500;12000;31500;7808,000;3800;1040;3330;7300,000;7630;2350;1670
0002706302;1;;1;0090018400;184GRB4;0;322B02030R;202212081000;P342305201;13500;2440;2900;25500;0;1500;100000;1500;12000;31500;7808,000;3800;1040;3330;7300,000;7630;2350;1670
0002706302;1;;1;0090018400;184GRB4;0;322B43606R;202212081000;P342305201;13500;2440;2900;25500;0;1500;100000;1500;12000;31500;7808,000;3800;1040;3330;7300,000;7630;2350;1670
0002706302;1;;1;0090018400;184GRB4;0;314L29983R;202212081000;P342305201;13500;2440;2900;25500;0;1500;100000;1500;12000;31500;7808,000;3800;1040;3330;7300,000;7630;2350;1670
0002706302;1;;1;0090018400;184GRB4;0;314L35506R;202212081000;P342305201;13500;2440;2900;25500;0;1500;100000;1500;12000;31500;7808,000;3800;1040;3330;7300,000;7630;2350;1670
0002706302;1;;1;0090018400;184GRB4;0;314L34184R;202212081000;P342305201;13500;2440;2900;25500;0;1500;100000;1500;12000;31500;7808,000;3800;1040;3330;7300,000;7630;2350;1670
0002706302;1;;1;0090018400;184GRB4;0;322418327R;202212081000;P342305201;13500;2440;2900;25500;0;1500;100000;1500;12000;31500;7808,000;3800;1040;3330;7300,000;7630;2350;1670
0002706302;1;;1;0090018400;184GRB4;0;314L40702R;202212211000;P355305201;13500;2440;2900;25500;0;1500;100000;1500;12000;31500;7808,000;3800;1040;3330;7300,000;7630;2350;1670
0011711300;2;;2;0090018400;184GRB4;0;322B27807R;202212211000;P355305201;13500;2440;2900;25500;0;1500;100000;1500;12000;31500;7808,000;3800;1040;3330;7300,000;7630;2350;1670
0002706302;1;;1;0090018400;184GRB4;0;314L48780R;202212211000;P355305201;13500;2440;2900;25500;0;1500;100000;1500;12000;31500;7808,000;3800;1040;3330;7300,000;7630;2350;1670
0002706302;1;;1;0090018400;184GRB4;0;322B02030R;202212211000;P355305201;13500;2440;2900;25500;0;1500;100000;1500;12000;31500;7808,000;3800;1040;3330;7300,000;7630;2350;1670
0002706302;1;;1;0090018400;184GRB4;0;322B43606R;202212211000;P355305201;13500;2440;2900;25500;0;1500;100000;1500;12000;31500;7808,000;3800;1040;3330;7300,000;7630;2350;1670
0002706302;1;;1;0090018400;184GRB4;0;314L29983R;202212211000;P355305201;13500;2440;2900;25500;0;1500;100000;1500;12000;31500;7808,000;3800;1040;3330;7300,000;7630;2350;1670
0002706302;1;;1;0090018400;184GRB4;0;314L35506R;202212211000;P355305201;13500;2440;2900;25500;0;1500;100000;1500;12000;31500;7808,000;3800;1040;3330;7300,000;7630;2350;1670
0002706302;1;;1;0090018400;184GRB4;0;314L34184R;202212211000;P355305201;13500;2440;2900;25500;0;1500;100000;1500;12000;31500;7808,000;3800;1040;3330;7300,000;7630;2350;1670
0002706302;1;;1;0090018400;184GRB4;0;322418327R;202212211000;P355305201;13500;2440;2900;25500;0;1500;100000;1500;12000;31500;7808,000;3800;1040;3330;7300,000;7630;2350;1670
0002706302;1;;1;0090018400;184GRB4;0;314L40702R;202211161000;P320305201;13500;2440;2900;25500;0;1500;100000;1500;12000;31500;7808,000;3800;1040;3330;7300,000;7630;2350;1670
0011711300;2;;2;0090018400;184GRB4;0;322B27807R;202211161000;P320305201;13500;2440;2900;25500;0;1500;100000;1500;12000;31500;7808,000;3800;1040;3330;7300,000;7630;2350;1670
0002706302;1;;1;0090018400;184GRB4;0;314L48780R;202211161000;P320305201;13500;2440;2900;25500;0;1500;100000;1500;12000;31500;7808,000;3800;1040;3330;7300,000;7630;2350;1670
0002706302;1;;1;0090018400;184GRB4;0;322B02030R;202211161000;P320305201;13500;2440;2900;25500;0;1500;100000;1500;12000;31500;7808,000;3800;1040;3330;7300,000;7630;2350;1670
0002706302;1;;1;0090018400;184GRB4;0;322B43606R;202211161000;P320305201;13500;2440;2900;25500;0;1500;100000;1500;12000;31500;7808,000;3800;1040;3330;7300,000;7630;2350;1670
0002706302;1;;1;0090018400;184GRB4;0;314L29983R;202211161000;P320305201;13500;2440;2900;25500;0;1500;100000;1500;12000;31500;7808,000;3800;1040;3330;7300,000;7630;2350;1670
0002706302;1;;1;0090018400;184GRB4;0;314L35506R;202211161000;P320305201;13500;2440;2900;25500;0;1500;100000;1500;12000;31500;7808,000;3800;1040;3330;7300,000;7630;2350;1670
0002706302;1;;1;0090018400;184GRB4;0;314L34184R;202211161000;P320305201;13500;2440;2900;25500;0;1500;100000;1500;12000;31500;7808,000;3800;1040;3330;7300,000;7630;2350;1670
0002706302;1;;1;0090018400;184GRB4;0;322418327R;202211161000;P320305201;13500;2440;2900;25500;0;1500;100000;1500;12000;31500;7808,000;3800;1040;3330;7300,000;7630;2350;1670
0001834600;1;;1;0090018400;184GRB4;0;8200185772;202211301000;P334097701;13500;2440;2600;25000;0;1500;100000;1500;12000;31500;7808,000;3800;1040;3330;7300,000;7630;2350;1670
0001834600;1;;1;0090018400;184GRB4;0;8200185770;202211301000;P334097701;13500;2440;2600;25000;0;1500;100000;1500;12000;31500;7808,000;3800;1040;3330;7300,000;7630;2350;1670
0002706302;1;;1;0090018400;184GRB4;0;314L40702R;202211101000;P314305201;13500;2440;2900;25500;0;1500;100000;1500;12000;31500;7808,000;3800;1040;3330;7300,000;7630;2350;1670
0011711300;2;;2;0090018400;184GRB4;0;322B27807R;202211101000;P314305201;13500;2440;2900;25500;0;1500;100000;1500;12000;31500;7808,000;3800;1040;3330;7300,000;7630;2350;1670
0002706302;1;;1;0090018400;184GRB4;0;314L48780R;202211101000;P314305201;13500;2440;2900;25500;0;1500;100000;1500;12000;31500;7808,000;3800;1040;3330;7300,000;7630;2350;1670
0002706302;1;;1;0090018400;184GRB4;0;322B02030R;202211101000;P314305201;13500;2440;2900;25500;0;1500;100000;1500;12000;31500;7808,000;3800;1040;3330;7300,000;7630;2350;1670
0002706302;1;;1;0090018400;184GRB4;0;322B43606R;202211101000;P314305201;13500;2440;2900;25500;0;1500;100000;1500;12000;31500;7808,000;3800;1040;3330;7300,000;7630;2350;1670
0002706302;1;;1;0090018400;184GRB4;0;314L29983R;202211101000;P314305201;13500;2440;2900;25500;0;1500;100000;1500;12000;31500;7808,000;3800;1040;3330;7300,000;7630;2350;1670
0002706302;1;;1;0090018400;184GRB4;0;314L35506R;202211101000;P314305201;13500;2440;2900;25500;0;1500;100000;1500;12000;31500;7808,000;3800;1040;3330;7300,000;7630;2350;1670
0002706302;1;;1;0090018400;184GRB4;0;314L34184R;202211101000;P314305201;13500;2440;2900;25500;0;1500;100000;1500;12000;31500;7808,000;3800;1040;3330;7300,000;7630;2350;1670
0002706302;1;;1;0090018400;184GRB4;0;322418327R;202211101000;P314305201;13500;2440;2900;25500;0;1500;100000;1500;12000;31500;7808,000;3800;1040;3330;7300,000;7630;2350;1670
0002706302;1;;1;0090018400;184GRB4;0;314L40702R;202212151000;P349305201;13500;2440;2900;25500;0;1500;100000;1500;12000;31500;7808,000;3800;1040;3330;7300,000;7630;2350;1670
0011711300;2;;2;0090018400;184GRB4;0;322B27807R;202212151000;P349305201;13500;2440;2900;25500;0;1500;100000;1500;12000;31500;7808,000;3800;1040;3330;7300,000;7630;2350;1670
0002706302;1;;1;0090018400;184GRB4;0;314L48780R;202212151000;P349305201;13500;2440;2900;25500;0;1500;100000;1500;12000;31500;7808,000;3800;1040;3330;7300,000;7630;2350;1670
0002706302;1;;1;0090018400;184GRB4;0;322B02030R;202212151000;P349305201;13500;2440;2900;25500;0;1500;100000;1500;12000;31500;7808,000;3800;1040;3330;7300,000;7630;2350;1670
0002706302;1;;1;0090018400;184GRB4;0;322B43606R;202212151000;P349305201;13500;2440;2900;25500;0;1500;100000;1500;12000;31500;7808,000;3800;1040;3330;7300,000;7630;2350;1670
0002706302;1;;1;0090018400;184GRB4;0;314L29983R;202212151000;P349305201;13500;2440;2900;25500;0;1500;100000;1500;12000;31500;7808,000;3800;1040;3330;7300,000;7630;2350;1670
0002706302;1;;1;0090018400;184GRB4;0;314L35506R;202212151000;P349305201;13500;2440;2900;25500;0;1500;100000;1500;12000;31500;7808,000;3800;1040;3330;7300,000;7630;2350;1670
0002706302;1;;1;0090018400;184GRB4;0;314L34184R;202212151000;P349305201;13500;2440;2900;25500;0;1500;100000;1500;12000;31500;7808,000;3800;1040;3330;7300,000;7630;2350;1670
0002706302;1;;1;0090018400;184GRB4;0;322418327R;202212151000;P349305201;13500;2440;2900;25500;0;1500;100000;1500;12000;31500;7808,000;3800;1040;3330;7300,000;7630;2350;1670
0002706302;1;;1;0090018400;184GRB4;0;314L40702R;202211071000;P311305201;13500;2440;2900;25500;0;1500;100000;1500;12000;31500;7808,000;3800;1040;3330;7300,000;7630;2350;1670
0011711300;2;;2;0090018400;184GRB4;0;322B27807R;202211071000;P311305201;13500;2440;2900;25500;0;1500;100000;1500;12000;31500;7808,000;3800;1040;3330;7300,000;7630;2350;1670
0002706302;1;;1;0090018400;184GRB4;0;314L48780R;202211071000;P311305201;13500;2440;2900;25500;0;1500;100000;1500;12000;31500;7808,000;3800;1040;3330;7300,000;7630;2350;1670
0002706302;1;;1;0090018400;184GRB4;0;322B02030R;202211071000;P311305201;13500;2440;2900;25500;0;1500;100000;1500;12000;31500;7808,000;3800;1040;3330;7300,000;7630;2350;1670
0002706302;1;;1;0090018400;184GRB4;0;322B43606R;202211071000;P311305201;13500;2440;2900;25500;0;1500;100000;1500;12000;31500;7808,000;3800;1040;3330;7300,000;7630;2350;1670
0002706302;1;;1;0090018400;184GRB4;0;314L29983R;202211071000;P311305201;13500;2440;2900;25500;0;1500;100000;1500;12000;31500;7808,000;3800;1040;3330;7300,000;7630;2350;1670
0002706302;1;;1;0090018400;184GRB4;0;314L35506R;202211071000;P311305201;13500;2440;2900;25500;0;1500;100000;1500;12000;31500;7808,000;3800;1040;3330;7300,000;7630;2350;1670
0002706302;1;;1;0090018400;184GRB4;0;314L34184R;202211071000;P311305201;13500;2440;2900;25500;0;1500;100000;1500;12000;31500;7808,000;3800;1040;3330;7300,000;7630;2350;1670
0002706302;1;;1;0090018400;184GRB4;0;322418327R;202211071000;P311305201;13500;2440;2900;25500;0;1500;100000;1500;12000;31500;7808,000;3800;1040;3330;7300,000;7630;2350;1670
0002706302;1;;1;0090018400;184GRB4;0;314L40702R;202211301000;P334305201;13500;2440;2900;25500;0;1500;100000;1500;12000;31500;7808,000;3800;1040;3330;7300,000;7630;2350;1670
0011711300;2;;2;0090018400;184GRB4;0;322B27807R;202211301000;P334305201;13500;2440;2900;25500;0;1500;100000;1500;12000;31500;7808,000;3800;1040;3330;7300,000;7630;2350;1670
0002706302;1;;1;0090018400;184GRB4;0;314L48780R;202211301000;P334305201;13500;2440;2900;25500;0;1500;100000;1500;12000;31500;7808,000;3800;1040;3330;7300,000;7630;2350;1670
0002706302;1;;1;0090018400;184GRB4;0;322B02030R;202211301000;P334305201;13500;2440;2900;25500;0;1500;100000;1500;12000;31500;7808,000;3800;1040;3330;7300,000;7630;2350;1670
0002706302;1;;1;0090018400;184GRB4;0;322B43606R;202211301000;P334305201;13500;2440;2900;25500;0;1500;100000;1500;12000;31500;7808,000;3800;1040;3330;7300,000;7630;2350;1670
0002706302;1;;1;0090018400;184GRB4;0;314L29983R;202211301000;P334305201;13500;2440;2900;25500;0;1500;100000;1500;12000;31500;7808,000;3800;1040;3330;7300,000;7630;2350;1670
0002706302;1;;1;0090018400;184GRB4;0;314L35506R;202211301000;P334305201;13500;2440;2900;25500;0;1500;100000;1500;12000;31500;7808,000;3800;1040;3330;7300,000;7630;2350;1670
0002706302;1;;1;0090018400;184GRB4;0;314L34184R;202211301000;P334305201;13500;2440;2900;25500;0;1500;100000;1500;12000;31500;7808,000;3800;1040;3330;7300,000;7630;2350;1670
0002706302;1;;1;0090018400;184GRB4;0;322418327R;202211301000;P334305201;13500;2440;2900;25500;0;1500;100000;1500;12000;31500;7808,000;3800;1040;3330;7300,000;7630;2350;1670
0002706302;1;;1;0090018400;184GRB4;0;314L40702R;202211041315;P308305201;13500;2440;2900;25500;0;1500;100000;1500;12000;31500;7808,000;3800;1040;3330;7300,000;7630;2350;1670
0011711300;2;;2;0090018400;184GRB4;0;322B27807R;202211041315;P308305201;13500;2440;2900;25500;0;1500;100000;1500;12000;31500;7808,000;3800;1040;3330;7300,000;7630;2350;1670
0002706302;1;;1;0090018400;184GRB4;0;314L48780R;202211041315;P308305201;13500;2440;2900;25500;0;1500;100000;1500;12000;31500;7808,000;3800;1040;3330;7300,000;7630;2350;1670
0002706302;1;;1;0090018400;184GRB4;0;322B02030R;202211041315;P308305201;13500;2440;2900;25500;0;1500;100000;1500;12000;31500;7808,000;3800;1040;3330;7300,000;7630;2350;1670
0002706302;1;;1;0090018400;184GRB4;0;322B43606R;202211041315;P308305201;13500;2440;2900;25500;0;1500;100000;1500;12000;31500;7808,000;3800;1040;3330;7300,000;7630;2350;1670
0002706302;1;;1;0090018400;184GRB4;0;314L29983R;202211041315;P308305201;13500;2440;2900;25500;0;1500;100000;1500;12000;31500;7808,000;3800;1040;3330;7300,000;7630;2350;1670
0002706302;1;;1;0090018400;184GRB4;0;314L35506R;202211041315;P308305201;13500;2440;2900;25500;0;1500;100000;1500;12000;31500;7808,000;3800;1040;3330;7300,000;7630;2350;1670
0002706302;1;;1;0090018400;184GRB4;0;314L34184R;202211041315;P308305201;13500;2440;2900;25500;0;1500;100000;1500;12000;31500;7808,000;3800;1040;3330;7300,000;7630;2350;1670
0002706302;1;;1;0090018400;184GRB4;0;322418327R;202211041315;P308305201;13500;2440;2900;25500;0;1500;100000;1500;12000;31500;7808,000;3800;1040;3330;7300,000;7630;2350;1670
0002706302;1;;1;0090018400;184GRB4;0;314L40702R;202212141000;P348305201;13500;2440;2900;25500;0;1500;100000;1500;12000;31500;7808,000;3800;1040;3330;7300,000;7630;2350;1670
0011711300;2;;2;0090018400;184GRB4;0;322B27807R;202212141000;P348305201;13500;2440;2900;25500;0;1500;100000;1500;12000;31500;7808,000;3800;1040;3330;7300,000;7630;2350;1670
0002706302;1;;1;0090018400;184GRB4;0;314L48780R;202212141000;P348305201;13500;2440;2900;25500;0;1500;100000;1500;12000;31500;7808,000;3800;1040;3330;7300,000;7630;2350;1670
0002706302;1;;1;0090018400;184GRB4;0;322B02030R;202212141000;P348305201;13500;2440;2900;25500;0;1500;100000;1500;12000;31500;7808,000;3800;1040;3330;7300,000;7630;2350;1670
0002706302;1;;1;0090018400;184GRB4;0;322B43606R;202212141000;P348305201;13500;2440;2900;25500;0;1500;100000;1500;12000;31500;7808,000;3800;1040;3330;7300,000;7630;2350;1670
0002706302;1;;1;0090018400;184GRB4;0;314L29983R;202212141000;P348305201;13500;2440;2900;25500;0;1500;100000;1500;12000;31500;7808,000;3800;1040;3330;7300,000;7630;2350;1670
0002706302;1;;1;0090018400;184GRB4;0;314L35506R;202212141000;P348305201;13500;2440;2900;25500;0;1500;100000;1500;12000;31500;7808,000;3800;1040;3330;7300,000;7630;2350;1670
0002706302;1;;1;0090018400;184GRB4;0;314L34184R;202212141000;P348305201;13500;2440;2900;25500;0;1500;100000;1500;12000;31500;7808,000;3800;1040;3330;7300,000;7630;2350;1670
0002706302;1;;1;0090018400;184GRB4;0;322418327R;202212141000;P348305201;13500;2440;2900;25500;0;1500;100000;1500;12000;31500;7808,000;3800;1040;3330;7300,000;7630;2350;1670
0002706302;1;;1;0090018400;184GRB4;0;314L40702R;202211141000;P318305201;13500;2440;2900;25500;0;1500;100000;1500;12000;31500;7808,000;3800;1040;3330;7300,000;7630;2350;1670
0011711300;2;;2;0090018400;184GRB4;0;322B27807R;202211141000;P318305201;13500;2440;2900;25500;0;1500;100000;1500;12000;31500;7808,000;3800;1040;3330;7300,000;7630;2350;1670
0002706302;1;;1;0090018400;184GRB4;0;314L48780R;202211141000;P318305201;13500;2440;2900;25500;0;1500;100000;1500;12000;31500;7808,000;3800;1040;3330;7300,000;7630;2350;1670
0002706302;1;;1;0090018400;184GRB4;0;322B02030R;202211141000;P318305201;13500;2440;2900;25500;0;1500;100000;1500;12000;31500;7808,000;3800;1040;3330;7300,000;7630;2350;1670
0002706302;1;;1;0090018400;184GRB4;0;322B43606R;202211141000;P318305201;13500;2440;2900;25500;0;1500;100000;1500;12000;31500;7808,000;3800;1040;3330;7300,000;7630;2350;1670
0002706302;1;;1;0090018400;184GRB4;0;314L29983R;202211141000;P318305201;13500;2440;2900;25500;0;1500;100000;1500;12000;31500;7808,000;3800;1040;3330;7300,000;7630;2350;1670
0002706302;1;;1;0090018400;184GRB4;0;314L35506R;202211141000;P318305201;13500;2440;2900;25500;0;1500;100000;1500;12000;31500;7808,000;3800;1040;3330;7300,000;7630;2350;1670
0002706302;1;;1;0090018400;184GRB4;0;314L34184R;202211141000;P318305201;13500;2440;2900;25500;0;1500;100000;1500;12000;31500;7808,000;3800;1040;3330;7300,000;7630;2350;1670
0002706302;1;;1;0090018400;184GRB4;0;322418327R;202211141000;P318305201;13500;2440;2900;25500;0;1500;100000;1500;12000;31500;7808,000;3800;1040;3330;7300,000;7630;2350;1670
0002706302;1;;1;0090018400;184GRB4;0;314L40702R;202211241000;P328305201;13500;2440;2900;25500;0;1500;100000;1500;12000;31500;7808,000;3800;1040;3330;7300,000;7630;2350;1670
0011711300;2;;2;0090018400;184GRB4;0;322B27807R;202211241000;P328305201;13500;2440;2900;25500;0;1500;100000;1500;12000;31500;7808,000;3800;1040;3330;7300,000;7630;2350;1670
0002706302;1;;1;0090018400;184GRB4;0;314L48780R;202211241000;P328305201;13500;2440;2900;25500;0;1500;100000;1500;12000;31500;7808,000;3800;1040;3330;7300,000;7630;2350;1670
0002706302;1;;1;0090018400;184GRB4;0;322B02030R;202211241000;P328305201;13500;2440;2900;25500;0;1500;100000;1500;12000;31500;7808,000;3800;1040;3330;7300,000;7630;2350;1670
0002706302;1;;1;0090018400;184GRB4;0;322B43606R;202211241000;P328305201;13500;2440;2900;25500;0;1500;100000;1500;12000;31500;7808,000;3800;1040;3330;7300,000;7630;2350;1670
0002706302;1;;1;0090018400;184GRB4;0;314L29983R;202211241000;P328305201;13500;2440;2900;25500;0;1500;100000;1500;12000;31500;7808,000;3800;1040;3330;7300,000;7630;2350;1670
0002706302;1;;1;0090018400;184GRB4;0;314L35506R;202211241000;P328305201;13500;2440;2900;25500;0;1500;100000;1500;12000;31500;7808,000;3800;1040;3330;7300,000;7630;2350;1670
0002706302;1;;1;0090018400;184GRB4;0;314L34184R;202211241000;P328305201;13500;2440;2900;25500;0;1500;100000;1500;12000;31500;7808,000;3800;1040;3330;7300,000;7630;2350;1670
0002706302;1;;1;0090018400;184GRB4;0;322418327R;202211241000;P328305201;13500;2440;2900;25500;0;1500;100000;1500;12000;31500;7808,000;3800;1040;3330;7300,000;7630;2350;1670
0002706302;1;;1;0090018400;184GRB4;0;314L40702R;202212261000;P360305201;13500;2440;2900;25500;0;1500;100000;1500;12000;31500;7808,000;3800;1040;3330;7300,000;7630;2350;1670
0011711300;2;;2;0090018400;184GRB4;0;322B27807R;202212261000;P360305201;13500;2440;2900;25500;0;1500;100000;1500;12000;31500;7808,000;3800;1040;3330;7300,000;7630;2350;1670
0002706302;1;;1;0090018400;184GRB4;0;314L48780R;202212261000;P360305201;13500;2440;2900;25500;0;1500;100000;1500;12000;31500;7808,000;3800;1040;3330;7300,000;7630;2350;1670
0002706302;1;;1;0090018400;184GRB4;0;322B02030R;202212261000;P360305201;13500;2440;2900;25500;0;1500;100000;1500;12000;31500;7808,000;3800;1040;3330;7300,000;7630;2350;1670
0002706302;1;;1;0090018400;184GRB4;0;322B43606R;202212261000;P360305201;13500;2440;2900;25500;0;1500;100000;1500;12000;31500;7808,000;3800;1040;3330;7300,000;7630;2350;1670
0002706302;1;;1;0090018400;184GRB4;0;314L29983R;202212261000;P360305201;13500;2440;2900;25500;0;1500;100000;1500;12000;31500;7808,000;3800;1040;3330;7300,000;7630;2350;1670
0002706302;1;;1;0090018400;184GRB4;0;314L35506R;202212261000;P360305201;13500;2440;2900;25500;0;1500;100000;1500;12000;31500;7808,000;3800;1040;3330;7300,000;7630;2350;1670
0002706302;1;;1;0090018400;184GRB4;0;314L34184R;202212261000;P360305201;13500;2440;2900;25500;0;1500;100000;1500;12000;31500;7808,000;3800;1040;3330;7300,000;7630;2350;1670
0002706302;1;;1;0090018400;184GRB4;0;322418327R;202212261000;P360305201;13500;2440;2900;25500;0;1500;100000;1500;12000;31500;7808,000;3800;1040;3330;7300,000;7630;2350;1670
0001834600;1;;1;0090018400;184GRB4;0;8200185772;202211091000;P313097701;13500;2440;2600;25000;0;1500;100000;1500;12000;31500;7808,000;3800;1040;3330;7300,000;7630;2350;1670
0001834600;1;;1;0090018400;184GRB4;0;8200185770;202211091000;P313097701;13500;2440;2600;25000;0;1500;100000;1500;12000;31500;7808,000;3800;1040;3330;7300,000;7630;2350;1670
0002706302;1;;1;0090018400;184GRB4;0;314L40702R;202211211000;P325305201;13500;2440;2900;25500;0;1500;100000;1500;12000;31500;7808,000;3800;1040;3330;7300,000;7630;2350;1670
0011711300;2;;2;0090018400;184GRB4;0;322B27807R;202211211000;P325305201;13500;2440;2900;25500;0;1500;100000;1500;12000;31500;7808,000;3800;1040;3330;7300,000;7630;2350;1670
0002706302;1;;1;0090018400;184GRB4;0;314L48780R;202211211000;P325305201;13500;2440;2900;25500;0;1500;100000;1500;12000;31500;7808,000;3800;1040;3330;7300,000;7630;2350;1670
0002706302;1;;1;0090018400;184GRB4;0;322B02030R;202211211000;P325305201;13500;2440;2900;25500;0;1500;100000;1500;12000;31500;7808,000;3800;1040;3330;7300,000;7630;2350;1670
0002706302;1;;1;0090018400;184GRB4;0;322B43606R;202211211000;P325305201;13500;2440;2900;25500;0;1500;100000;1500;12000;31500;7808,000;3800;1040;3330;7300,000;7630;2350;1670
0002706302;1;;1;0090018400;184GRB4;0;314L29983R;202211211000;P325305201;13500;2440;2900;25500;0;1500;100000;1500;12000;31500;7808,000;3800;1040;3330;7300,000;7630;2350;1670
0002706302;1;;1;0090018400;184GRB4;0;314L35506R;202211211000;P325305201;13500;2440;2900;25500;0;1500;100000;1500;12000;31500;7808,000;3800;1040;3330;7300,000;7630;2350;1670
0002706302;1;;1;0090018400;184GRB4;0;314L34184R;202211211000;P325305201;13500;2440;2900;25500;0;1500;100000;1500;12000;31500;7808,000;3800;1040;3330;7300,000;7630;2350;1670
0002706302;1;;1;0090018400;184GRB4;0;322418327R;202211211000;P325305201;13500;2440;2900;25500;0;1500;100000;1500;12000;31500;7808,000;3800;1040;3330;7300,000;7630;2350;1670
0002706302;1;;1;0090018400;184GRB4;0;314L40702R;202212011000;P335305201;13500;2440;2900;25500;0;1500;100000;1500;12000;31500;7808,000;3800;1040;3330;7300,000;7630;2350;1670
0011711300;2;;2;0090018400;184GRB4;0;322B27807R;202212011000;P335305201;13500;2440;2900;25500;0;1500;100000;1500;12000;31500;7808,000;3800;1040;3330;7300,000;7630;2350;1670
0002706302;1;;1;0090018400;184GRB4;0;314L48780R;202212011000;P335305201;13500;2440;2900;25500;0;1500;100000;1500;12000;31500;7808,000;3800;1040;3330;7300,000;7630;2350;1670
0002706302;1;;1;0090018400;184GRB4;0;322B02030R;202212011000;P335305201;13500;2440;2900;25500;0;1500;100000;1500;12000;31500;7808,000;3800;1040;3330;7300,000;7630;2350;1670
0002706302;1;;1;0090018400;184GRB4;0;322B43606R;202212011000;P335305201;13500;2440;2900;25500;0;1500;100000;1500;12000;31500;7808,000;3800;1040;3330;7300,000;7630;2350;1670
0002706302;1;;1;0090018400;184GRB4;0;314L29983R;202212011000;P335305201;13500;2440;2900;25500;0;1500;100000;1500;12000;31500;7808,000;3800;1040;3330;7300,000;7630;2350;1670
0002706302;1;;1;0090018400;184GRB4;0;314L35506R;202212011000;P335305201;13500;2440;2900;25500;0;1500;100000;1500;12000;31500;7808,000;3800;1040;3330;7300,000;7630;2350;1670
0002706302;1;;1;0090018400;184GRB4;0;314L34184R;202212011000;P335305201;13500;2440;2900;25500;0;1500;100000;1500;12000;31500;7808,000;3800;1040;3330;7300,000;7630;2350;1670
0002706302;1;;1;0090018400;184GRB4;0;322418327R;202212011000;P335305201;13500;2440;2900;25500;0;1500;100000;1500;12000;31500;7808,000;3800;1040;3330;7300,000;7630;2350;1670
0002706302;1;;1;0090018400;184GRB4;0;314L40702R;202211231000;P327305201;13500;2440;2900;25500;0;1500;100000;1500;12000;31500;7808,000;3800;1040;3330;7300,000;7630;2350;1670
0011711300;2;;2;0090018400;184GRB4;0;322B27807R;202211231000;P327305201;13500;2440;2900;25500;0;1500;100000;1500;12000;31500;7808,000;3800;1040;3330;7300,000;7630;2350;1670
0002706302;1;;1;0090018400;184GRB4;0;314L48780R;202211231000;P327305201;13500;2440;2900;25500;0;1500;100000;1500;12000;31500;7808,000;3800;1040;3330;7300,000;7630;2350;1670
0002706302;1;;1;0090018400;184GRB4;0;322B02030R;202211231000;P327305201;13500;2440;2900;25500;0;1500;100000;1500;12000;31500;7808,000;3800;1040;3330;7300,000;7630;2350;1670
0002706302;1;;1;0090018400;184GRB4;0;322B43606R;202211231000;P327305201;13500;2440;2900;25500;0;1500;100000;1500;12000;31500;7808,000;3800;1040;3330;7300,000;7630;2350;1670
0002706302;1;;1;0090018400;184GRB4;0;314L29983R;202211231000;P327305201;13500;2440;2900;25500;0;1500;100000;1500;12000;31500;7808,000;3800;1040;3330;7300,000;7630;2350;1670
0002706302;1;;1;0090018400;184GRB4;0;314L35506R;202211231000;P327305201;13500;2440;2900;25500;0;1500;100000;1500;12000;31500;7808,000;3800;1040;3330;7300,000;7630;2350;1670
0002706302;1;;1;0090018400;184GRB4;0;314L34184R;202211231000;P327305201;13500;2440;2900;25500;0;1500;100000;1500;12000;31500;7808,000;3800;1040;3330;7300,000;7630;2350;1670
0002706302;1;;1;0090018400;184GRB4;0;322418327R;202211231000;P327305201;13500;2440;2900;25500;0;1500;100000;1500;12000;31500;7808,000;3800;1040;3330;7300,000;7630;2350;1670
0002706302;1;;1;0090018400;184GRB4;0;314L40702R;202212191000;P353305201;13500;2440;2900;25500;0;1500;100000;1500;12000;31500;7808,000;3800;1040;3330;7300,000;7630;2350;1670
0011711300;2;;2;0090018400;184GRB4;0;322B27807R;202212191000;P353305201;13500;2440;2900;25500;0;1500;100000;1500;12000;31500;7808,000;3800;1040;3330;7300,000;7630;2350;1670
0002706302;1;;1;0090018400;184GRB4;0;314L48780R;202212191000;P353305201;13500;2440;2900;25500;0;1500;100000;1500;12000;31500;7808,000;3800;1040;3330;7300,000;7630;2350;1670
0002706302;1;;1;0090018400;184GRB4;0;322B02030R;202212191000;P353305201;13500;2440;2900;25500;0;1500;100000;1500;12000;31500;7808,000;3800;1040;3330;7300,000;7630;2350;1670
0002706302;1;;1;0090018400;184GRB4;0;322B43606R;202212191000;P353305201;13500;2440;2900;25500;0;1500;100000;1500;12000;31500;7808,000;3800;1040;3330;7300,000;7630;2350;1670
0002706302;1;;1;0090018400;184GRB4;0;314L29983R;202212191000;P353305201;13500;2440;2900;25500;0;1500;100000;1500;12000;31500;7808,000;3800;1040;3330;7300,000;7630;2350;1670
0002706302;1;;1;0090018400;184GRB4;0;314L35506R;202212191000;P353305201;13500;2440;2900;25500;0;1500;100000;1500;12000;31500;7808,000;3800;1040;3330;7300,000;7630;2350;1670
0002706302;1;;1;0090018400;184GRB4;0;314L34184R;202212191000;P353305201;13500;2440;2900;25500;0;1500;100000;1500;12000;31500;7808,000;3800;1040;3330;7300,000;7630;2350;1670
0002706302;1;;1;0090018400;184GRB4;0;322418327R;202212191000;P353305201;13500;2440;2900;25500;0;1500;100000;1500;12000;31500;7808,000;3800;1040;3330;7300,000;7630;2350;1670
0001834600;1;;1;0090018400;184GRB4;0;8200185772;202211161000;P320097701;13500;2440;2600;25000;0;1500;100000;1500;12000;31500;7808,000;3800;1040;3330;7300,000;7630;2350;1670
0001834600;1;;1;0090018400;184GRB4;0;8200185770;202211161000;P320097701;13500;2440;2600;25000;0;1500;100000;1500;12000;31500;7808,000;3800;1040;3330;7300,000;7630;2350;1670
0001834600;1;;1;0090018400;184GRB4;0;8200185772;202212211000;P355097701;13500;2440;2600;25000;0;1500;100000;1500;12000;31500;7808,000;3800;1040;3330;7300,000;7630;2350;1670
0001834600;1;;1;0090018400;184GRB4;0;8200185770;202212211000;P355097701;13500;2440;2600;25000;0;1500;100000;1500;12000;31500;7808,000;3800;1040;3330;7300,000;7630;2350;1670
0002706302;1;;1;0090018400;184GRB4;0;314L40702R;202212071000;P341305201;13500;2440;2900;25500;0;1500;100000;1500;12000;31500;7808,000;3800;1040;3330;7300,000;7630;2350;1670
0011711300;2;;2;0090018400;184GRB4;0;322B27807R;202212071000;P341305201;13500;2440;2900;25500;0;1500;100000;1500;12000;31500;7808,000;3800;1040;3330;7300,000;7630;2350;1670
0002706302;1;;1;0090018400;184GRB4;0;314L48780R;202212071000;P341305201;13500;2440;2900;25500;0;1500;100000;1500;12000;31500;7808,000;3800;1040;3330;7300,000;7630;2350;1670
0002706302;1;;1;0090018400;184GRB4;0;322B02030R;202212071000;P341305201;13500;2440;2900;25500;0;1500;100000;1500;12000;31500;7808,000;3800;1040;3330;7300,000;7630;2350;1670
0002706302;1;;1;0090018400;184GRB4;0;322B43606R;202212071000;P341305201;13500;2440;2900;25500;0;1500;100000;1500;12000;31500;7808,000;3800;1040;3330;7300,000;7630;2350;1670
0002706302;1;;1;0090018400;184GRB4;0;314L29983R;202212071000;P341305201;13500;2440;2900;25500;0;1500;100000;1500;12000;31500;7808,000;3800;1040;3330;7300,000;7630;2350;1670
0002706302;1;;1;0090018400;184GRB4;0;314L35506R;202212071000;P341305201;13500;2440;2900;25500;0;1500;100000;1500;12000;31500;7808,000;3800;1040;3330;7300,000;7630;2350;1670
0002706302;1;;1;0090018400;184GRB4;0;314L34184R;202212071000;P341305201;13500;2440;2900;25500;0;1500;100000;1500;12000;31500;7808,000;3800;1040;3330;7300,000;7630;2350;1670
0002706302;1;;1;0090018400;184GRB4;0;322418327R;202212071000;P341305201;13500;2440;2900;25500;0;1500;100000;1500;12000;31500;7808,000;3800;1040;3330;7300,000;7630;2350;1670
0002706302;1;;1;0090018400;184GRB4;0;314L40702R;202212221000;P356305201;13500;2440;2900;25500;0;1500;100000;1500;12000;31500;7808,000;3800;1040;3330;7300,000;7630;2350;1670
0011711300;2;;2;0090018400;184GRB4;0;322B27807R;202212221000;P356305201;13500;2440;2900;25500;0;1500;100000;1500;12000;31500;7808,000;3800;1040;3330;7300,000;7630;2350;1670
0002706302;1;;1;0090018400;184GRB4;0;314L48780R;202212221000;P356305201;13500;2440;2900;25500;0;1500;100000;1500;12000;31500;7808,000;3800;1040;3330;7300,000;7630;2350;1670
0002706302;1;;1;0090018400;184GRB4;0;322B02030R;202212221000;P356305201;13500;2440;2900;25500;0;1500;100000;1500;12000;31500;7808,000;3800;1040;3330;7300,000;7630;2350;1670
0002706302;1;;1;0090018400;184GRB4;0;322B43606R;202212221000;P356305201;13500;2440;2900;25500;0;1500;100000;1500;12000;31500;7808,000;3800;1040;3330;7300,000;7630;2350;1670
0002706302;1;;1;0090018400;184GRB4;0;314L29983R;202212221000;P356305201;13500;2440;2900;25500;0;1500;100000;1500;12000;31500;7808,000;3800;1040;3330;7300,000;7630;2350;1670
0002706302;1;;1;0090018400;184GRB4;0;314L35506R;202212221000;P356305201;13500;2440;2900;25500;0;1500;100000;1500;12000;31500;7808,000;3800;1040;3330;7300,000;7630;2350;1670
0002706302;1;;1;0090018400;184GRB4;0;314L34184R;202212221000;P356305201;13500;2440;2900;25500;0;1500;100000;1500;12000;31500;7808,000;3800;1040;3330;7300,000;7630;2350;1670
0002706302;1;;1;0090018400;184GRB4;0;322418327R;202212221000;P356305201;13500;2440;2900;25500;0;1500;100000;1500;12000;31500;7808,000;3800;1040;3330;7300,000;7630;2350;1670
0002706302;1;;1;0090018400;184GRB4;0;314L40702R;202211171000;P321305201;13500;2440;2900;25500;0;1500;100000;1500;12000;31500;7808,000;3800;1040;3330;7300,000;7630;2350;1670
0011711300;2;;2;0090018400;184GRB4;0;322B27807R;202211171000;P321305201;13500;2440;2900;25500;0;1500;100000;1500;12000;31500;7808,000;3800;1040;3330;7300,000;7630;2350;1670
0002706302;1;;1;0090018400;184GRB4;0;314L48780R;202211171000;P321305201;13500;2440;2900;25500;0;1500;100000;1500;12000;31500;7808,000;3800;1040;3330;7300,000;7630;2350;1670
0002706302;1;;1;0090018400;184GRB4;0;322B02030R;202211171000;P321305201;13500;2440;2900;25500;0;1500;100000;1500;12000;31500;7808,000;3800;1040;3330;7300,000;7630;2350;1670
0002706302;1;;1;0090018400;184GRB4;0;322B43606R;202211171000;P321305201;13500;2440;2900;25500;0;1500;100000;1500;12000;31500;7808,000;3800;1040;3330;7300,000;7630;2350;1670
0002706302;1;;1;0090018400;184GRB4;0;314L29983R;202211171000;P321305201;13500;2440;2900;25500;0;1500;100000;1500;12000;31500;7808,000;3800;1040;3330;7300,000;7630;2350;1670
0002706302;1;;1;0090018400;184GRB4;0;314L35506R;202211171000;P321305201;13500;2440;2900;25500;0;1500;100000;1500;12000;31500;7808,000;3800;1040;3330;7300,000;7630;2350;1670
0002706302;1;;1;0090018400;184GRB4;0;314L34184R;202211171000;P321305201;13500;2440;2900;25500;0;1500;100000;1500;12000;31500;7808,000;3800;1040;3330;7300,000;7630;2350;1670
0002706302;1;;1;0090018400;184GRB4;0;322418327R;202211171000;P321305201;13500;2440;2900;25500;0;1500;100000;1500;12000;31500;7808,000;3800;1040;3330;7300,000;7630;2350;1670
0002706302;1;;1;0090018400;184GRB4;0;314L40702R;202212051000;P339305201;13500;2440;2900;25500;0;1500;100000;1500;12000;31500;7808,000;3800;1040;3330;7300,000;7630;2350;1670
0011711300;2;;2;0090018400;184GRB4;0;322B27807R;202212051000;P339305201;13500;2440;2900;25500;0;1500;100000;1500;12000;31500;7808,000;3800;1040;3330;7300,000;7630;2350;1670
0002706302;1;;1;0090018400;184GRB4;0;314L48780R;202212051000;P339305201;13500;2440;2900;25500;0;1500;100000;1500;12000;31500;7808,000;3800;1040;3330;7300,000;7630;2350;1670
0002706302;1;;1;0090018400;184GRB4;0;322B02030R;202212051000;P339305201;13500;2440;2900;25500;0;1500;100000;1500;12000;31500;7808,000;3800;1040;3330;7300,000;7630;2350;1670
0002706302;1;;1;0090018400;184GRB4;0;322B43606R;202212051000;P339305201;13500;2440;2900;25500;0;1500;100000;1500;12000;31500;7808,000;3800;1040;3330;7300,000;7630;2350;1670
0002706302;1;;1;0090018400;184GRB4;0;314L29983R;202212051000;P339305201;13500;2440;2900;25500;0;1500;100000;1500;12000;31500;7808,000;3800;1040;3330;7300,000;7630;2350;1670
0002706302;1;;1;0090018400;184GRB4;0;314L35506R;202212051000;P339305201;13500;2440;2900;25500;0;1500;100000;1500;12000;31500;7808,000;3800;1040;3330;7300,000;7630;2350;1670
0002706302;1;;1;0090018400;184GRB4;0;314L34184R;202212051000;P339305201;13500;2440;2900;25500;0;1500;100000;1500;12000;31500;7808,000;3800;1040;3330;7300,000;7630;2350;1670
0002706302;1;;1;0090018400;184GRB4;0;322418327R;202212051000;P339305201;13500;2440;2900;25500;0;1500;100000;1500;12000;31500;7808,000;3800;1040;3330;7300,000;7630;2350;1670
0001834600;1;;1;0090018400;184GRB4;0;8200185772;202211231000;P327097701;13500;2440;2600;25000;0;1500;100000;1500;12000;31500;7808,000;3800;1040;3330;7300,000;7630;2350;1670
0001834600;1;;1;0090018400;184GRB4;0;8200185770;202211231000;P327097701;13500;2440;2600;25000;0;1500;100000;1500;12000;31500;7808,000;3800;1040;3330;7300,000;7630;2350;1670
